[
{"姓名": "Python后端开发", "薪资": "8千-1.1万", "城市": "陕西西安", "资历": "3年及以上", "学历": "本科及以上", "其他信息": ""},
{"姓名": "Python后端开发", "薪资": "8千-1.1万", "城市": "陕西西安", "资历": "3年及以上", "学历": "本科及以上", "其他信息": ""},
{"姓名": "IT工程师", "薪资": "1-1.5万", "城市": "浙江湖州", "资历": "3-5年", "学历": "大专及以上", "其他信息": "午餐补助, 发展空间大, 岗位晋升, 五险一金"},
{"姓名": "电站软件系统开发工程师", "薪资": "2.5-4万", "城市": "上海", "资历": "3-5年", "学历": "本科及以上", "其他信息": "午餐补助, 发展空间大, 岗位晋升, 五险一金"},
{"姓名": "电力交易员", "薪资": "9千-1.4万", "城市": "河南洛阳", "资历": "5年及以上", "学历": "本科及以上", "其他信息": "绩效奖金, 带薪年假, 交通补助, 通讯津贴"},
{"姓名": "电力交易员", "薪资": "1.2-2万·13薪", "城市": "江苏南京", "资历": "1年及以上", "学历": "本科及以上", "其他信息": "年底双薪, 绩效奖金, 交通补助, 通讯津贴"},
{"姓名": "广东电力市场交易员", "薪资": "1-2万·14薪", "城市": "广东广州", "资历": "3年及以上", "学历": "本科及以上", "其他信息": "带薪年假, 交通补助, 午餐补助, 定期体检"},
{"姓名": "电力交易员（驻地郑州）", "薪资": "8千-1万", "城市": "山西太原", "资历": "1-3年", "学历": "本科及以上", "其他信息": "节日礼物, 技能培训, 岗位晋升, 五险一金"},
{"姓名": "电力交易员（驻地合肥）", "薪资": "8千-1万", "城市": "山西太原", "资历": "1-3年", "学历": "本科及以上", "其他信息": "节日礼物, 技能培训, 岗位晋升, 五险一金"},
{"姓名": "电力交易员", "薪资": "8千-1.5万", "城市": "陕西西安", "资历": "3年及以上", "学历": "本科及以上", "其他信息": "绩效奖金, 午餐补助, 定期体检, 发展空间大"},
{"姓名": "电力需求分析师", "薪资": "1.2-1.8万", "城市": "广东广州", "资历": "3年及以上", "学历": "本科及以上", "其他信息": ""},
{"姓名": "电力交易员（驻地西安）", "薪资": "8千-1万", "城市": "山西太原", "资历": "1-3年", "学历": "本科及以上", "其他信息": "节日礼物, 技能培训, 岗位晋升, 五险一金"},
{"姓名": "电力系统仿真工程师 （新能源方向）", "薪资": "1.5-3万·14薪", "城市": "福建厦门", "资历": "经验不限", "学历": "硕士及以上", "其他信息": "绩效奖金, 带薪年假, 午餐补助, 定期体检"},
{"姓名": "电力系统仿真工程师 （新能源方向）", "薪资": "1.5-3万·14薪", "城市": "福建厦门", "资历": "经验不限", "学历": "硕士及以上", "其他信息": "绩效奖金, 带薪年假, 午餐补助, 定期体检"},
{"姓名": "电站软件系统开发工程师", "薪资": "2.5-4万", "城市": "浙江杭州", "资历": "3-5年", "学历": "本科及以上", "其他信息": "午餐补助, 发展空间大, 岗位晋升, 五险一金"},
{"姓名": "电力交易员", "薪资": "8千-1万", "城市": "山西太原", "资历": "1-3年", "学历": "本科及以上", "其他信息": "节日礼物, 技能培训, 岗位晋升, 五险一金"},
{"姓名": "电力交易员（驻地济南）", "薪资": "8千-1万", "城市": "山西太原", "资历": "1-3年", "学历": "本科及以上", "其他信息": "节日礼物, 技能培训, 岗位晋升, 五险一金"},
{"姓名": "CAE高级工程师", "薪资": "1.5-2.5万", "城市": "浙江杭州", "资历": "3年及以上", "学历": "本科及以上", "其他信息": "年底双薪, 绩效奖金, 带薪年假, 交通补助"},
{"姓名": "嵌入式开发工程师", "薪资": "1.2-1.8万·13薪", "城市": "福建厦门", "资历": "6年及以上", "学历": "本科及以上", "其他信息": "年底双薪, 绩效奖金, 带薪年假, 扁平化管理"},
{"姓名": "高级技术支持工程师（故障诊断）(J21179)", "薪资": "1.5-2.5万", "城市": "北京", "资历": "经验不限", "学历": "学历不限", "其他信息": "绩效奖金, 带薪年假, 午餐补助, 年终分红"},
{"姓名": "电力交易员", "薪资": "8千-1.5万", "城市": "内蒙古呼和浩特", "资历": "3年及以上", "学历": "本科及以上", "其他信息": "绩效奖金, 午餐补助, 定期体检, 发展空间大"},
{"姓名": "EMS工程师", "薪资": "1-2万", "城市": "江苏苏州", "资历": "3年及以上", "学历": "本科及以上", "其他信息": "绩效奖金, 带薪年假, 交通补助, 午餐补助"},
{"姓名": "电力交易策略工程师", "薪资": "1-2万", "城市": "上海", "资历": "5-8年", "学历": "本科及以上", "其他信息": "绩效奖金, 带薪年假, 通讯津贴, 午餐补助"},
{"姓名": "电力交易员（驻地西安）", "薪资": "8千-1万", "城市": "山西太原", "资历": "1-3年", "学历": "本科及以上", "其他信息": "节日礼物, 技能培训, 岗位晋升, 五险一金"},
{"姓名": "电站软件系统开发工程师", "薪资": "2.5-4万", "城市": "浙江湖州", "资历": "3-5年", "学历": "本科及以上", "其他信息": "午餐补助, 发展空间大, 岗位晋升, 五险一金"},
{"姓名": "电站软件系统开发工程师", "薪资": "2.5-4万", "城市": "江苏苏州", "资历": "3-5年", "学历": "本科及以上", "其他信息": "午餐补助, 发展空间大, 岗位晋升, 五险一金"},
{"姓名": "电力交易员（驻地沈阳）", "薪资": "8千-1万", "城市": "山西太原", "资历": "1-3年", "学历": "本科及以上", "其他信息": "节日礼物, 技能培训, 岗位晋升, 五险一金"},
{"姓名": "产品经理", "薪资": "1.9-3.5万·13薪", "城市": "湖南株洲", "资历": "3年及以上", "学历": "本科及以上", "其他信息": "绩效奖金, 带薪年假, 交通补助, 通讯津贴"},
{"姓名": "能量管理系统（EMS）软件助理工程", "薪资": "6千-1万", "城市": "江苏苏州", "资历": "1年及以上", "学历": "本科及以上", "其他信息": "绩效奖金, 带薪年假, 交通补助, 午餐补助"},
{"姓名": "叶片结构工程师", "薪资": "2-2.6万·13薪", "城市": "广东中山", "资历": "5年及以上", "学历": "硕士及以上", "其他信息": "年底双薪, 绩效奖金, 带薪年假, 通讯津贴"},
{"姓名": "新能源电力交易员", "薪资": "1-1.5万", "城市": "河南洛阳", "资历": "5年及以上", "学历": "本科及以上", "其他信息": "绩效奖金, 带薪年假, 交通补助, 通讯津贴"},
{"姓名": "有源配电网规划工程师（北京、成都、长沙）", "薪资": "1.2-2万·14薪", "城市": "北京", "资历": "1-3年", "学历": "硕士及以上", "其他信息": ""},
{"姓名": "风、光资源工程师", "薪资": "1-1.5万", "城市": "广东广州", "资历": "3年及以上", "学历": "本科及以上", "其他信息": "绩效奖金, 带薪年假, 通讯津贴, 定期体检"}
]